<?xml version="1.0" encoding="UTF-8"?>
<!DOCTYPE log4j:configuration SYSTEM "log4j.dtd">
<log4j:configuration xmlns:log4j="http://jakarta.apache.org/log4j/">
   <appender name="A1" class="org.apache.log4j.ConsoleAppender">
      <layout class="org.apache.log4j.PatternLayout">
         <param name="ConversionPattern" value="%-4r [%t] %-5p %c %x - %m%n"/>
      </layout>
   </appender>
   <logger name="org.fosstrak.hal">
      <level value="debug"/>
   </logger>
   <root>
      <priority value="debug"></priority>
      <appender-ref ref="A1"/>
   </root>
</log4j:configuration>